URL,Title,Location,Salary,Summary
https://kr.indeed.com/viewjob?jk=287bcb6bc41d726d,[세종] IT 프로젝트 웹개발자 - 단기 근로자(2개월),시야인사이트 대한민국,"월급 2,200,000원 - 2,400,000원","기타 담당업무 * Spring, Jsp 등 기술 경험 보유한 웹개발자 또는 해당 기술에 관심이 많은 자 ( Python, C# 사용 가능자 우대) - 1. 웹/솔루션 개발, 2. JAVA / Servlet / JSP 개발, 3..."
https://kr.indeed.com/viewjob?jk=0c4a502533e74aac,"Research Intern, 2021",Google 4.3 서울,,"Algorithmic Foundations of Optimization. Experience with Python, C++ and other general purpose program languages. Preferred..."
https://kr.indeed.com/viewjob?jk=dfb20fa220f3c478,"빅데이터, 인공지능(AI) 외 신입/경력 인턴",스칼라웍스 대한민국,,인공지능)>인공지능(AI)|인터넷·IT·통신·모바일·게임>빅데이터·AI(인공지능)>데이터분석|인터넷·IT·통신·모바일·게임>빅데이터·AI(인공지능)> Python|인터넷·IT·통신·모바일·게임>빅데이터·AI(인공지능)>딥러닝
https://kr.indeed.com/viewjob?jk=55584c627df1acaa,데이터 분석가/사이언티스트(신입/인턴 가능),쏘카 대한민국,,"Sheet) 등 데이터 분석 도구를 원활히 다루시거나, 앞으로 원활히 다루고자 하는 의지가 높으신 분 • Python, R 등의 프로그래밍 언어 혹은 데이터 분석 언어를 1개 이상 능숙하게 사용 가능하신 분 전형절차 서류..."
https://kr.indeed.com/viewjob?jk=f2d73961c78cdd7a,[무료교육] 인공지능(AI) 서비스 개발 교육과정 1차 교육생,한국정보통신진흥협회 대한민국,,인공지능)>인공지능(AI)|인터넷·IT·통신·모바일·게임>빅데이터·AI(인공지능)>데이터분석|인터넷·IT·통신·모바일·게임>빅데이터·AI(인공지능)> Python|인터넷·IT·통신·모바일·게임>빅데이터·AI(인공지능)>딥러닝
https://kr.indeed.com/viewjob?jk=4bd70fb8a220d90d,[Janssen] Data Scientist,Johnson & Johnson Family of Companies 4.2 서울,,"Expertise in one or more programming languages... R, Python or SAS. 7. Knowledge of relational database architecture..."
https://kr.indeed.com/viewjob?jk=7cb5c3076d1701db,"Field Applications Engineer, Audio",Dolby 서울,,"High level or detailed knowledge of SOC design. C/C++, python coding skills. Knowledge of music, audio/video production..."
https://kr.indeed.com/viewjob?jk=1f117386dac0e82e,"데이터 분석 솔루션 기반 웹프로그래머(Java, JSP, Python,...",비즈플러그 서울 송파구,,"하여, Java, JSP, R, Python, 각종 DB 가능자를 우대합니... 우대합니다.- DW등의 설계 경력자 우대합니다.- AI(ML, DL, Python, R 등)에 유능한 분을 우대합니다. 인터넷·IT·통신·모바일·게임..."
https://kr.indeed.com/viewjob?jk=5d586ea25719e960,[Papago] 파파고 머신러닝(컴퓨터비전) 엔지니어 체험형 인턴,네이버 서울,,"enhnacement [자격요건] · (학부/대학원) 컴퓨터비전/신호처리 관련 전공으로 재학 혹은 졸업하신 분 · Python 등의 프로그래밍 언어를 다루실 수 있는 분 · TensorFlow, PyTorch 등의 딥러닝..."
https://kr.indeed.com/viewjob?jk=c98be29f8b7c8352,"데이터분석, 딥러닝 외 신입 정규직, 인턴",피디에프솔루션세미컨덕터테크놀로지코리아 성남 분당구,"연봉 35,000,000원 - 40,000,000원",모바일·게임>빅데이터·AI(인공지능)>데이터마이닝|인터넷·IT·통신·모바일·게임>빅데이터·AI(인공지능)> Python|인터넷·IT·통신·모바일·게임>빅데이터·AI(인공지능)>R|인터넷·IT·통신·모바일·게임>빅데이터·AI...
https://kr.indeed.com/viewjob?jk=b85914d63eb05919,서울형 청년인턴 직무캠프 웹개발자 과정 교육생 / 교육·포폴·인턴 한번에,스프레틱스 대한민국,,통신·모바일·게임>웹프로그래머> Python|인터넷·IT·통신·모바일·게임... 응용프로그래머>iOS|인터넷·IT·통신·모바일·게임>응용프로그래머> Python|인터넷·IT·통신·모바일·게임>응용프로그래머>머신러닝(ML)|인터넷...
https://kr.indeed.com/viewjob?jk=6fac11c5a8fa9b96,검사 자동화 및 검사AI 분야 경력사원,LG이노텍 4.1 경기도 평택,,"C++,Labview, R, Python 등 ) - AI 관련학과 전공 및 검사공정 AI 경력 3년이상 보유자 (딥러닝 모델설계/학습/배포, 딥러닝 성능 개선 ) - Python 언어와 딥러닝 프레임워크 (Tensorflow..."
https://kr.indeed.com/viewjob?jk=70e41338b8e01711,도헌디지털의료혁신연구소 채용 공고,한림대학교성심병원 대한민국,,"활용한 분석코드 작성 클라우드 플랫폼 활용 관련업무 학사이상 학위 취득자 NoSQL, Oracle, R, Python 가능자 우대 Common Data Model 경험자 우대 서버관리/정보보안, 텍스트마이닝 경험자 우대..."
https://kr.indeed.com/viewjob?jk=5a79d308be3944d6,"기술연구소 정규직 연력(Java, Python, 기타)및 개발자 (경력1...",파인씨앤아이 서울 송파구,"연봉 50,000,000원 - 60,000,000원","트웨어 개발 및 AI, 통계분석I)- 경력 : Java 개발경험 10년이상-개발언어 : Java, C++, Python, Node 등 [근무시간 및 형태] 주 5일 근무 (오전) 9시 00분~(오후) 6시 00분 주소정근로시..."
https://kr.indeed.com/viewjob?jk=6d2542e38cfca6e3,Deep Learning Engineer Intern,Intel 4.1 서울,,optimization strategies Programming skills with Python/C++ Experience working with one or more deep learning frameworks...
https://kr.indeed.com/viewjob?jk=44f16e94e3e6b589,"Staff Software Engineer, Maps & Navigati...",Tesla 서울,,"industry Fluency in English Proficient in one of C++, Python Experience writing and shipping customer-facing code High..."
https://kr.indeed.com/viewjob?jk=e2edfe79297265d4,동진쎄미켐 2021년 2분기 신입 및 경력사원,동진세미캠 충청북도 음성,,"화학공학 계열 - 우대사항 1) Python을 이용한 코딩 경험자 2... 신학 계열 - 우대사항 1) 전산 관련 전공 및 자격증 소지자 2) Python, JAVA, MS-SQL, 오라클 ERP 경험자 3) 어학 우수자..."
https://kr.indeed.com/viewjob?jk=d17da0baecf05910,데이터 분야 경력,LG CNS 3.7 서울,,"해가 뛰어난 자 - R, Python, SAS, SQL 등 활용 역량 우대사항(해당 내용 중 1개 이상) - ML/DL 경험 인력 우대 - 관련 분야 석사 이상 학위 소지자 우대 - R, Python등 데이터분석 모델링 경험..."
https://kr.indeed.com/viewjob?jk=8f016d624a8a37fb,SENIOR DATA ANALYST,Foot Locker 서울,,"results... R, Python, or comparable... statistical analysis of A/B/N utilizing Python, R, or other comparable statistical..."
https://kr.indeed.com/viewjob?jk=f069d006ba3ffa5a,(신입/경력) AR&AI 엔지니어,플레이스에이 성남 분당구,,"Engine 중 1개 이상 능숙하게 다룰 수 있다 - C, C++, Python 등 프로그래밍 언어 중 1개 이상 능숙하게 다룰 수 있다... 다룰 수 있다 - C, C++, Python 등 프로그래밍 언어 중 1개..."
https://kr.indeed.com/viewjob?jk=3d0cc83899a9b37f,[개발]CI/CD 엔지니어(정규직),위메프 2.8 대한민국,,"배포 경험이 있는 분 [우대사항] - kubernetes 기반 서비스 운영경험이 있는 분 - JAVA, python 등 웹어플리케이션용 개발언어 1개 이상 경험이 있는 분 - 네트워크, 리눅스 기반 관련 지식 보유한 분..."
https://kr.indeed.com/viewjob?jk=78e99625e5de3c95,전문연구요원 (병역특례) 수시 (AI / HW 분야),딥엑스 성남 분당구,"연봉 40,000,000원 - 100,000,000원","모델의 RTL IP 설계 및 IP 검증 가능자 - Language: Python/Perl, C/C++ [우대 조건] - ARM based SoC 설계... Linux, shell, tcl, python, perl 사용 원활..."
https://kr.indeed.com/viewjob?jk=e7c8c2b11f24fb43,Software Engineer,Google 4.3 서울,,"languages, including... limited to: C++, Java, C and Python. Excellent written and verbal communication skills. About..."
https://kr.indeed.com/viewjob?jk=54e0d08c99dcf507,MI(Market Intelligence)담당 마케팅 전략 경력사원,LG전자 3.8 서울 영등포구,,"마케팅 전략/방향성 도출 경험 보유 4) 우대 사항 - 통계 분석 및 프로그래밍 언어 역량 보유: R, python, Java, SPSS, Tableau, etc. - 영어 능통 역량: 해외법인과 영어 화상 회의 및 현지..."
https://kr.indeed.com/viewjob?jk=9acc17c535b42959,2021년 (신입) 전문연구요원 모집,NHN 4.4 성남 판교역,,"병역특례 전문연구요원 - Python/C++/Java/C# 개발 경험... 유연한 사고와 원활한 커뮤니케이션 능력 우대 - C/C++, Python 등 개발 숙련자 우대 공통지원자격(필수) - 해당 분야 석사 이상..."
https://kr.indeed.com/viewjob?jk=df21e3bb5d773616,Python Programmer,Mofac 서울 서초구,,개발 – JAVA 프로그래밍(라이브러리 활용) – Spring 프레임 워크 개발 – Python API 프로그래밍 우대사항 – Python 개발 경험 – Open Source 라이브러리 개발경험 – Web 표준에 대한 경험...
https://kr.indeed.com/viewjob?jk=e8a4630bec0783e8,2021 Market Data Analyst - Seoul,Bloomberg 서울,,"work experience using one more programming language... Python, SQL and R Fluency in Korean and English (both spoken..."
https://kr.indeed.com/viewjob?jk=a64e1e21f61265ce,각 분야별 인재 Pool 등록,지투알 서울,,"자 - 데이터 분석 툴(Adobe Analytics 또는 Google Analytics) 유경험자 우대 - Python, R, SQL 역량 보유자 우대 - 데이터에 기반한 문제해결 능력 및 통계학적 지식 보유자 우대 - 담당..."
https://kr.indeed.com/viewjob?jk=be95b5718905880f,AI/빅데이터/클라우드 분야 (인재 Pool),LG유플러스 3.8 서울,,"의미한 인사이트 발굴 - R, Python, SQL 등 Statistics... 등)의 다양한 솔루션을 활용하여 서비스 개발 경험자 2) Java, Python 등 프로그래밍 개발 경험 보유자 3) Container 기반 서비스..."
https://kr.indeed.com/viewjob?jk=61de44a2ade660a0,정보보호 컨설팅 전문가 양성 과정,한국정보보호산업협회 서울,,로그래머>백엔드|인터넷·IT·통신·모바일·게임>웹프로그래머>프론트엔드|인터넷·IT·통신·모바일·게임>웹프로그래머> Python|인터넷·IT·통신·모바일·게임>웹프로그래머>ASP.NET|인터넷·IT·통신·모바일·게임>웹프로그래머...
https://kr.indeed.com/viewjob?jk=2b09f13b5790dd69,2021년 한화시스템 방산부문 프로젝트/기간제 엔지니어 채용(상시),한화그룹 4.2 서울,,분야 경험자 [우대 요건] 무인기 GCS 개발 유경험자 SW시험/분석 도구 개발 유경험자 C/C++/C#/ Python/JAVA 프로그래밍 숙련자 0명 판교 한화인1:1문의하기 활용 지휘통제-SW 계약기간 : 입사 시...
https://kr.indeed.com/viewjob?jk=c9e13c1e7c8a92b0,"Software Engineer, Machine Learning",Google 4.3 서울,,"an advanced degree. Programming experience in C++ and Python. Experience with relevant technologies (e.g., TensorFlow, Flume..."
https://kr.indeed.com/viewjob?jk=e5ac7cfe5a23abe4,KDB캐피탈 경력직원,KDB캐피탈 서울 영등포구,,웹프로그래머>JAVA|인터넷·IT·통신·모바일·게임>웹프로그래머> Python|인터넷·IT·통신·모바일·게임>응용프로그래머>클라우드|인터넷·IT·통신... 통신·모바일·게임>응용프로그래머> Python|인터넷·IT·통신·모바일·게임...
https://kr.indeed.com/viewjob?jk=c8c02d6751fce8a8,Python 경력 정규직,브라이트컨설팅 서울 강남구,,브라이트컨설팅 Python 경력 정규직 채용 모집부문 및 자격요건 담당업무 자격요건 인원 [자격요건] 경력사항: 경력(7년 이상 12년 이하) 학력사... 수 있습니다. 인터넷·IT·통신·모바일·게임>응용프로그래머> Python
https://kr.indeed.com/viewjob?jk=b8c6ad4bd3f32e3d,AI 개발자,넷아이디 서울 강남구,"연봉 35,000,000원 - 40,000,000원",인터넷·IT·통신·모바일·게임>응용프로그래머>머신러닝(ML)|인터넷·IT·통신·모바일·게임>응용프로그래머> Python|인터넷·IT·통신·모바일·게임>ERP·시스템분석·설계>인공지능(AI)서비스기획|인터넷·IT·통신·모바일...
https://kr.indeed.com/viewjob?jk=ff626941e918bf66,Deep Learning Junior Engineer,Intel 4.1 서울,,"PyTorch, and Caffe - Strong programming skills with C/C++ and Python - Experiences in programming and testing on Linux..."
https://kr.indeed.com/viewjob?jk=d8d8801a2da78488,Python 신입/경력 알바,매직에코 서울 강남구,"시급 12,000원",23시59분까지 접수방법: bit.ly/CODEMATE1기지원접수양식: 자사양식 기타 유의사항 입사지원서 및 제출서류에 허위사실이 있을 경우 채용이 취소될 수 있습니다. 인터넷·IT·통신·모바일·게임>웹프로그래머> Python
https://kr.indeed.com/viewjob?jk=4b15dd8e45f0fd01,AR App Engineer,Hyperconnect 서울,,"C/C++ OpenGL/Vulkan/Metal 1 ARcore ARKit 1 / / Java, Objective C(Swift), Python OpenCV (Image Processing... 10:00 - 7:00)"
https://kr.indeed.com/viewjob?jk=c130ad24ffc25b72,기술연구소 (AI연구 및 Python개발 / 드론 영상처리),선영종합엔지니어링 고양 덕양구,,어링 기술연구소 (AI연구 및 Python개발 / 드론 영상처리) 채용 4... 프로그래밍 ㆍBig Data 활용 및 Smart plant ㆍR 및 Python 기반 프로그램 개발 ㆍ정부출연사업 제안서 작성 [근무부서 및 직급...
https://kr.indeed.com/viewjob?jk=e5448ffc7d6ecf02,FPGA 플랫폼 엔지니어 (딥러닝 하드웨어 프로세서 개발),딥엑스 성남 분당구,"연봉 40,000,000원 - 100,000,000원","사용 경험(Chip Scope/SignalTap) - Language: Python/Perl, C/C++ - Vivado 또는 Synplify 또는... SignalTap) - Language: Python/Perl, C/C++..."
https://kr.indeed.com/viewjob?jk=84fd9f9deb6105b0,"웹개발, Python 외 신입/경력 계약직",쿠바로엠앤씨 서울 강서구,,"주식회사 쿠바로엠앤씨 웹개발, Python 외 신입/경력 계약직 채용 모집... 게임>웹프로그래머>웹개발|인터넷·IT·통신·모바일·게임>웹프로그래머> Python|인터넷·IT·통신·모바일·게임>웹프로그래머>백엔드|인터넷·IT·통신..."
https://kr.indeed.com/viewjob?jk=3330430ae94277db,[타다]데이터 분석가/사이언티스트,쏘카 대한민국,,"통계에 대한 지식 및 머신러닝에 대한 지식을 보유하고 있으며, 데이터 분석 실무 경험이 풍부하신 분 • R, Python(Pandas, Numpy, Scikit-learn) 등의 데이터 분석을 위한 언어를 1개 이상 능숙하게..."
https://kr.indeed.com/viewjob?jk=5d30d12b06f56d55,통신사프로젝트(SI/PYTHON/6개월/종각역),디와이즈 서울 서대문구,,"스킬: Python,분석설계 가능하신분 주식회사 디와이즈 [통신사 Python 개발자 모집] 모집부문 및 자격요건 모집부문 담당업무 및 자격요건 인원 통신사 PYthon 유지보수 [담당업무] · 통신사 Python 개발..."
https://kr.indeed.com/viewjob?jk=add880a19f345249,"Customer Engineer, Machine Learning, Goo...",Google 4.3 서울,,"Caffe, as well as numerical programming frameworks... Python or MATLAB. Preferred qualifications: Master's degree..."
https://kr.indeed.com/viewjob?jk=5555958bdde0c7ec,[해외취업] Teamlab (チームラボ)IT엔지니어 정규직,포유스 서울 문정동,"연봉 30,000,000원","아키텍처 설정, 처리의 자동화, 효율화, 범용화 2) 주요언어 ・Java、JavaScript、PHP、Ruby、 Python、Scala、Swift、Kotlin、C#、TypeScript、HTML5、CSS3등 ・SpringBoot..."
https://kr.indeed.com/viewjob?jk=cd40cf786e32f325,사내 및 서비스 보안 담당자 (경력),네오위즈 대한민국,,"GuardDuty, WAF, VPC Flow Logs 분석 등)이 있으신 분 - 각종 스크립트 언어(Perl, Python, shell script 등)의 활용 능력을 가진 분 - 모바일 게임 앱에 대한 보안 검수 경험이..."
https://kr.indeed.com/viewjob?jk=6ffc6777e4269d57,Telecom Support Engineer,Amazon Web Services Korea LLC 서울,,"Java or solving complex problems in Python, the ideal candidate will love using... complex problems in Python, the ideal..."
https://kr.indeed.com/viewjob?jk=1e974ff27c6eb340,Autonomous Driving 분야 엔지니어,포티투닷 서울 강남구,,"프로그래밍 기술 (C/C++, Python 등) - 이동 로봇/드론 관련... platform 개발 경험 - 뛰어난 프로그래밍 기술 (C/C++, Python) - 3D geometry, math, physics 관련 경험 및..."
https://kr.indeed.com/viewjob?jk=872b8d36cd8b45ba,"Product Applications Specialist, 3D visu...",Thermo Fisher Scientific 3.5 경기도 수원,,"machine and deep learning. - Programming experience is a plus ( Python scripting, C++, Matlab... Excellent communication..."
https://kr.indeed.com/viewjob?jk=c3fe1cbc5e1ae20b,Technical Support Representative(사원급),IBM 3.9 서울,,"k8s, Cloud, Dev/Ops 등 최신 IT 기술에 대한 학습 및 구현 경험 • Java, Python 등을 활용한 오픈소스 관련 개발 경험 Required Technical and Professional..."
https://kr.indeed.com/viewjob?jk=59db18a2366b2c92,AI 분야 석/박사,LG CNS 3.7 서울,,"이상 (AI 관련 논문 발표) ② AI/딥러닝 알고리즘 연구개발 프로젝트 경험 ③ Ubuntu Linux, Python, Tensorflow, PyTorch 사용 중상급 이상 우대사항(해당 내용 중 1개 이상) ① AI/머신..."
https://kr.indeed.com/viewjob?jk=73317adae7b3fa61,[2021인턴] AI R&D - Language AI,엔씨소프트 2.7 성남 판교역,,"발합니다. 지원자격 학력 : 전문학사 이상 필수조건 [ 이런 역량을 갖춘 NC 인턴을 찾습니다! ] - Python, Java등 한 가지 이상의 컴퓨터 프로그래밍 언어를 활용할 수 있으신 분 - 머신러닝/딥러닝 기술에 대한..."
https://kr.indeed.com/viewjob?jk=74f109233a14e204,Technical Consultant Intern,Amazon Web Services Korea LLC 서울,,Programming in one or more object-oriented languages like Java/ Python/C#/Ruby/Objective C/C++ · Knowledge... primary AWS...
https://kr.indeed.com/viewjob?jk=e7bbb39c4e50cf73,[디지털청년일자리 ] 인공지능 신입 개발자 (상세: 영상처리),사로리스 대구 북구,"월급 2,200,000원","직무내용] 영상처리 개발자 모집 - 언어 : Python, C++ - 상세업무 : 차량 인식 등 - 희망 전공 : 컴퓨터공학, 전자공학 관련 공학계 [근무시간 및 형태] 주 5일 근무 (오전) 9시 00분~(오후) 6시 00..."
https://kr.indeed.com/viewjob?jk=752a4b5d63eac97c,Back-end Engineer (Python),Soomgo 서울 강남구,,숨고의 백엔드 엔지니어( Python)는 숨고의 기반 기술을 담당하는 매우... 5년 이상의 웹/앱 서비스 백엔드 시스템 개발 경험이 있는 분 • Python 언어를 활용한 개발 경험이 있는 분 • 성능 최적화에 대해 지속적으로...
https://kr.indeed.com/viewjob?jk=0f7993638aee82bd,Deep Learning Researcher (Intern),Qualcomm Korea YH 서울,,"Adversarial attacks, examples Minimum Qualifications • Python Programming • Deep learning with hands-on experience of deep..."
https://kr.indeed.com/viewjob?jk=98fea5db0006587a,SNOW Graphics 담당자,네이버 서울,,"토링, 디자인 패턴, ReactiveX 활용 경험 - Java, Swift(Objective C), Lua, Python 등 다양한 언어 경험 - ML 적용 경험 (Tensorflow 등) 전형절차 및 기타사항 - 접수기간..."
https://kr.indeed.com/viewjob?jk=69ab0f58743cb713,21년 전문연구요원 (AI엔지니어),Nexon 성남 분당구,,"대상자 - 병역의무가 없거나 면제된 분, 병역의 의무를 마치신 분은 본 공고의 대상에서 제외됨 - Python에 숙련된 프로그래밍 능력과 머신러닝 라이브러리 활용 경험 - 머신러닝과 강화학습에 관련된 지식 습득 혹은..."
https://kr.indeed.com/viewjob?jk=d53c1e2dbb7cf02c,Solutions Architect I,Amazon Web Services Korea LLC 서울,,"languages... Ruby, Python and Node... 현대 개발 언어에 대한 실무적 지식: 루비 (Ruby), 파이썬 ( Python), Node.js 등 · 개발자 및 IT 운영자 대상의 신기술 전파에..."
https://kr.indeed.com/viewjob?jk=eeb9fe1c361f0758,정보보안 담당자,Nexon 성남 분당구,,보안 이벤트 분석 또는 상관관계 이벤트 분석 능력 보유 - OS 및 네트워크 관련 기초 지식 보유 - python 등의 간단한 스크립트 작성 능력보유 - 타인과의 원활한 커뮤니케이션 자세 - 새로운 기술에 대한 적극적...
https://kr.indeed.com/viewjob?jk=7df915e1f0f86b2d,Software Architecture 설계 엔지니어,딥엑스 성남 분당구,"연봉 40,000,000원 - 100,000,000원",경험 - Windows/Linux 상에서 C++/ Python 언어 사용 개발 경험 - C++ / Python 언어 사용 개발 경험 - 객체지향 설계에... 게임>빅데이터·AI(인공지능)> Python|인터넷·IT·통신·모바일·게임...
https://kr.indeed.com/viewjob?jk=2b9e604e63e7e46d,[카카오커머스] 기술직군,카카오커머스 성남 분당구,,"우대사항 - 전자금융 감독규정, PCIDSS에 대한 실무 경험이나 이해도가 높으신 분 - JAVA, Python, shell script 등 개발 역량을 갖추신 분 - 웹/앱 취약점 진단 및 모의해킹 역량을 갖추신..."
https://kr.indeed.com/viewjob?jk=9a818d9d91db847d,Data Analytics SA,Amazon Web Services Korea LLC 서울,,"some relevant languages, tools and frameworks (e.g python, Java, R, scala, spark, Kafka, Hadoop ecosystem, presto, Hive..."
https://kr.indeed.com/viewjob?jk=56b4455ed9883821,석유화학사업본부 AI/BIg Data 분야 경력사원,LG화학 서울 영등포구,,모델 구축 (연간 과제 수행 건수 : 3~4건) - 주요 언어는 Python이며 R도 가능(C등 Compiler 언어는 미사용) - Decision... 알고리즘 활용 역량 - Python/C++/Java/C# 프로그램 역량...
https://kr.indeed.com/viewjob?jk=05aa5498d84c58e1,데이터 엔지니어(신입/경력),쏘카 대한민국,,"있는 분 • 데이터 분석팀 및 유관 부서와의 원활한 소통을 위한 기본적인 쿼리 작성 능력을 갖춘 분 • Python 또는 Java, Scala, C++, C# 등의 언어를 최소 1개 이상 능숙하게 사용할 수 있는 분 • 대용..."
https://kr.indeed.com/viewjob?jk=464ad076ec3e1fa0,CHC – Business intelligence - TOM_2136,Sanofi 4.1 서울,,"degree in related field Business-level experience with R, Python Experience owning the analytics and performance of a large..."
https://kr.indeed.com/viewjob?jk=63fa708f9257033a,Data Engineer,Dohands Company 서울,,"Requirements , Pandas / R / SAS Tableau Data Insight Python PostgreSql, MySQL DB SQL... Kaggle Kafka Machine Learning..."
https://kr.indeed.com/viewjob?jk=7af6301dc691d3ab,Data Scientist,Toss 서울 강남구,,"실무 경험 5년 이상 갖추신 분 - 실제 서비스 데이터를 이용한 분석모델 개발 경험이 있으신 분 - R, Python, Scala, SQL 등 데이터 분석의 업무를 수행할 수 있는 하나 이상의 개발 언어에 능숙하신 분 #..."
https://kr.indeed.com/viewjob?jk=2d86a39d779f0631,인프라 엔지니어,RIDI Corp 서울,,"키텍처 구성 경험이 있으신 분 Docker, ECS, K8S 등 컨테이너 기반의 서비스 운영 경험이 있으신 분 Python, Node.js, Typescript, GO 등 프로그래밍 경험이 있으신 분 우대사항 Docker..."
https://kr.indeed.com/viewjob?jk=088b5d4f65ea30aa,기업부설연구소 연구원,워너버스이노베이션 안산 상록구,"월급 1,830,000원",후 결정 가능 [장애인채용희망여부] 비희망 [병역특례] - 비희망 [기타 희망내용] - 프로그래밍 스킬( Python/C#/기타언어)- Computer Science에 대한 소양을 가진 분- 문제해결 능력 및 성장 마인드셋...
https://kr.indeed.com/viewjob?jk=2bc89fb4b05a2c88,[특허톤 참가자격/관련분야 취업연계] 2021년 빅데이터 전문가 양성과정...,한국여성과학기술인지원센터 서울 서대문구,,통신·모바일·게임>웹프로그래머> Python|인터넷·IT·통신·모바일·게임... 데이터분석|인터넷·IT·통신·모바일·게임>빅데이터·AI(인공지능)> Python|인터넷·IT·통신·모바일·게임>빅데이터·AI(인공지능)>머신러닝|인터넷...
https://kr.indeed.com/viewjob?jk=97022d0619d47329,(주)풀무원 빅데이터 활용 분석/AI 전문가 채용,풀무원 3.3 서울특별시,,"지원 (교육 및 프로젝트 지원) 필요역량 및 지원자격 [자격요건] 프로그램 언어 활용 능력 (R, Python, SQL 등) 데이터 기반 업무 분석 및 이해 역량 분석 자료 프리젠테이션 문서 작성 역량 관련 경력 3..."
https://kr.indeed.com/viewjob?jk=3933762f9f06df56,Data Scientist(CSS 모델링),Toss 서울 강남구,,"3년 이상) - 머신러닝 등 최신 알고리즘을 활용하여 실제 비즈니스 문제 해결 경험이 있으신 분 - SQL, Python, R 등 통계/분석 프로그램을 다룰 수 있으신 분 # 우대 사항 - 금융권 데이터 분석 및 모델링 업무..."
https://kr.indeed.com/viewjob?jk=f21889e79ef40569,Sr. Data Architect,Amazon Web Services Korea LLC 서울,,"Java, JavaScript, Python, etc). · Current... 최소 하나 이상의 프로그래밍 언어(Java, JavaScript, Python 등)로 소프트웨어 코드를 개발한 경험 구현 업무 실무 수행 가능..."
https://kr.indeed.com/viewjob?jk=cd2ef993ee5c8d3f,지스트 블록체인인터넷경제연구센터 계약직(연구원),광주과학기술원 광주 북구,,록체인 개발 블록체인 하드포크 1) 4년제 대학 이상 졸업자 2) SW프로그래밍 제작 경험자 3) Python/C/Java/Go 프로그래밍 가능자 4) 팀장급은 개발 경험 10년 이상인 자 연구직 1명 우대사...
https://kr.indeed.com/viewjob?jk=2b7c67c7f1fe78ff,PI&CS Engineer (Process Information & Co...,3M 4.0 전라남도,,"manufacturing applications Experience in language like C#, Python, Java, Java Script(one or more) Be fond of learning..."
https://kr.indeed.com/viewjob?jk=56d9b359cfbbf1de,Software Engineer (Embedded/ Numerical C...,BOEING 서울,,"more than 1+ software languages (e.g. C, C++, C#, Java, Python, Java script, model based engineering and so on) Proper..."
https://kr.indeed.com/viewjob?jk=d14b8e0abce71268,Software Engineer (Embedded/ Numerical C...,BOEING 서울,,"than 1+ software languages (e.g. embedded C or C++, Java, Python, Java script, model based engineering and so on) English..."
https://kr.indeed.com/viewjob?jk=368e303e15b6bdb7,AI Engineer,GE Appliances 경기도 성남,,"lite, TensorRT. 5+ years of programming experience in Python, C/C++ Experiences working on deep learning model optimization..."
https://kr.indeed.com/viewjob?jk=9d05b48e020daca2,Solutions Architect II,Amazon Web Services Korea LLC 서울,,"languages... Ruby, Python and Node... 현대 개발 언어에 대한 실무적 지식: 루비 (Ruby), 파이썬 ( Python), Node.js 등 · 개발자 및 IT 운영자 대상의 신기술 전파에..."
https://kr.indeed.com/viewjob?jk=9411b70d5e3e9d18,SK 바이오팜 Digital Healthcare 경력직 (신약개발 Big...,SK 바이오팜 경기도,,"Pytorch, Keras 등) 연구 경력 보유 및 관련 논문 이해/ 활용 가능자 - 프로그래밍 언어 ( Python, R 등)를 활용한 OMICS 데이터 통계 분석 기술 보유 - 빅데이터 분석 경험, 유전체/ 의생명 데이..."
https://kr.indeed.com/viewjob?jk=6fc2719750916dd3,Deep Learning Engineer,Intel 4.1 서울,,MxNet - Strong programming skills with C/C++ and Python - Experiences in programming and testing on Linux environment...
https://kr.indeed.com/viewjob?jk=069fad5c3ebf4306,연구소 개발부문 연구원 직원 (회로설계/하드웨어설계/머신비전/이미지프로세...,모든 경기도 광명,"연봉 42,000,000원 - 46,000,000원","그래밍 가능자 우대 S/W 설계 부문 : - OPEN CV, TENSORFLOW, YOLO, CUDA/ Python, C++, C WindowsGUL APL, MFC Lib 활용 가능자. 머신비전/ 영상처리 개발자 * 전기..."
https://kr.indeed.com/viewjob?jk=9bc37251d0a3154e,"Specialized Solutions Architect III, Ana...",Amazon Web Services Korea LLC 서울,,"Knowledge... least one or more programing languages... Python, Java and Scala. · Hands on experience leading large..."
https://kr.indeed.com/viewjob?jk=e90a62203eb6e390,Real World Evidence Science & Innovation...,Novo Nordisk 서울,,"Experience in using statistical software (e.g., R, SAS, Python, SPSS... Stata), database query (SQL) or visualization..."
https://kr.indeed.com/viewjob?jk=b574f1454ae36aab,Cross Border Ecommerce - Business Intell...,Shopee 서울,,business analyst related roles Proficient in SQL and Python Strong analytical skill and sensitivity to data Strong oral...
https://kr.indeed.com/viewjob?jk=aac8e9355cb855ac,[인재풀] 아티스트,Electronic Arts 서울,,Maya or 3D Max등의 아트웍 툴 사용 경험 Max script 또는 Mel Script의 사용 경험 C# 또는 Python 언어에 대한 이해 및 활용 능력 아트웍 관련 툴 제작 또는 플러그인 제작 경험
https://kr.indeed.com/viewjob?jk=c2f5f53dc48263eb,Deep Learning Researcher – On-device AI...,Qualcomm Korea YH 서울,,"experiences • Algorithm implementation experiences using python with deep learning platform, e.g. PyTorch, TensorFlow..."
https://kr.indeed.com/viewjob?jk=4bfb17b42e2d7728,Field Algorithm Engineer,Nova Measuring Instruments 경기도 화성,,long periods of time (up to 1 month each time). Programming – python proficient. Machine learning and data science experience...
https://kr.indeed.com/viewjob?jk=1961cdd73f62c880,"Specialized Solutions Architect III, DW",Amazon Web Services Korea LLC 서울,,"Knowledge... least one or more programing languages... Python, Java and Scala. · Hands on experience leading large..."
https://kr.indeed.com/viewjob?jk=96702633aa235ab8,로봇제어 개발자,유버 안산 상록구,"연봉 30,000,000원 - 100,000,000원","직무내용] - ROS(ROS2) 기반의 이동 로봇 개발- C/C++, Python 활용- 산업용 협동로봇 제어 언어개발, 의료용 로봇개발- 우대사항공학, 메카트로닉스학과 전공자, 자율주행로봇 주행 알고리즘 개발, 프로그래밍..."
https://kr.indeed.com/viewjob?jk=ee64abe502f8ee94,[NAVER Cloud] 가상화 코어 기술 연구 및 개발 (소프트웨어 분...,네이버 서울,,기술 개발 [ 우대사항] - Cloud에 대한 높은 이해도 - DevOps & Ansible 경험 - Python 기반 프로젝트 경험 - DPDK/XDP/OVS-DPDK 개발 경험 - Raw Socket 기반 개발 경험...
https://kr.indeed.com/viewjob?jk=6ff3488d913b3389,Senior Data Warehouse Consultant,Amazon Web Services Korea LLC 서울,,"bash, perl or python) ability · Ability... 평가 경험 · SQL 및 핸즈온 스크립팅 (bash, perl 또는 python) 경험 · 고객 / 파트너 팀과 관련된 업무를 주도 할 수있는 능력..."
https://kr.indeed.com/viewjob?jk=b9111853e8754517,고등광기술연구소 계약직 연구원,광주과학기술원 광주 북구,,"이저 연구/개발 2. 레이저/포토닉스-인공지능융합연구(Matlab/ Python,Labview/FPGA/Raspberry Pi 등 경험자, 혹은 공부... 인공지능 융합연구 (Matlab/ python,Labview/ FPGA..."
https://kr.indeed.com/viewjob?jk=f646e85ff3e17ed8,Data Scientist - IBM Garage,IBM 3.9 서울,,"programming languages to derive meaningful data insights (e.g., Python, R, Spark, TensorFlow, Jupyter, etc.) * Possess..."
https://kr.indeed.com/viewjob?jk=b4ceb586eeb2854b,[EY컨설팅] 금융컨설팅본부 리스크관리 경력 컨설턴트 모집 (00명),EY 4.0 대한민국,,"국내외 금융기관 리스크관리 컨설팅 또는 여신업무 프로세스 개선(PI) 컨설팅 경험 - SAS, SQL, Python, R 등을 활용한 데이터분석 역량 보유자 우대 - 관련 자격증 소지자 (FRM 등) 우대 - 외국어..."
https://kr.indeed.com/viewjob?jk=6a062e6906aadca2,Data Analyst,Toss 서울 강남구,,"소지하신 분 혹은 경험이 풍부하신 분 - Data Warehouse 구축 지식이나 경험이 있으신 분 - Python, R, Spark 등 언어 및 데이터 프로세싱 프레임워크에 대한 이해도가 높은 분 - 필요한 데이터를 스스로..."
https://kr.indeed.com/viewjob?jk=96688eea9c1a9e28,Security Engineer (취약점 분석),Toss 서울 강남구,,"# 자격 요건 - 모의해킹 및 취약점 점검 경력이 있는 분 - 소스 코드 정적 취약점 점검에 능숙한 분 - Python, C, C++, JAVA 중 프로그래밍 언어에 능숙한 분 # 우대 사항 - 국내 또는 국외 버그 바운티..."
https://kr.indeed.com/viewjob?jk=dee1c9e840dc5691,Senior Field Applications Engineer,Dolby 서울,,"Dolby’s ecosystem, products, business, and customers. Python coding skills. Interest in music, game/film audio or video..."
https://kr.indeed.com/viewjob?jk=db26147e9223e38a,[L'Oreal Korea] IT Business Analyst,L'Oreal 4.1 서울,,"outcomes Proficiency in SQL Proficiency... least one of Python (preferred), Java, or C++ Strong understanding and hands..."
https://kr.indeed.com/viewjob?jk=fec4bd361c177418,Associate Cloud Developer,Amazon Web Services Korea LLC 서울,,"languages: Java, Python, Ruby, Node.js... 동등한 수준의 STEM 관련 분야 학사 학위 혹은 경험 · Java, Python, Ruby, Node.js, C # 또는 C ++ 중 하나 이상의..."
https://kr.indeed.com/viewjob?jk=24a2513486b6daf6,[Creative] Technical Artist,PUBG 서울,,"운드에 대한 숙련도 및 지식 시네마틱 영상 관련 제작 경험 또는 지식 캐릭터 리깅 가능 C++ 활용 능력, python활용 능력 MAYA, Substance Designer 경력 등 고용 형태 정규직 근무지 서울 본사 (서초..."
https://kr.indeed.com/viewjob?jk=247d49c1cf4deea4,데이터 분석 및 데이터 마트 구축,녹십자헬스케어 서울 영등포구,,이터 분석지원자격 1. 대졸 이상 학력 소지자 인터넷·IT·통신·모바일·게임>ERP·시스템분석·설계>데이터분석|인터넷·IT·통신·모바일·게임>통신·모바일>플랫폼(VM)|인터넷·IT·통신·모바일·게임>응용프로그래머> Python
https://kr.indeed.com/viewjob?jk=46a84f9756bee779,실시간 금융거래서비스 IT 개발 및 운영,이지스엔터프라이즈 서울 금천구,,"ㆍ서울특별시 ▶ 우대사항 ㆍJAVA, Spring Framework, oracle 유경험자 ㆍLinux, Python, Github, Open API 유경험자 ▶ 모집인원 ㆍ IT개발(경력)1명 ㆍ IT개발(신입)1명 인터넷..."
https://kr.indeed.com/viewjob?jk=e245570d8c9437c9,[더존ICT그룹] 신입 및 경력사원,더존비즈온 3.3 강원도 춘천,,그래머>Ruby|인터넷·IT·통신·모바일·게임>웹프로그래머>프론트엔드|인터넷·IT·통신·모바일·게임>웹프로그래머> Python|인터넷·IT·통신·모바일·게임>웹프로그래머>ASP.NET|인터넷·IT·통신·모바일·게임>웹프로그래머...
https://kr.indeed.com/viewjob?jk=ae22088cdea0b40c,(주)아이옵스 소프트웨어 개발자,아이옵스 대전 유성구,,"트스트랩, 웹개발, C++, C#, python, java 등 1개 이상의... 우대사항] - 자바스크립트, 부트스트랩, 웹개발, C++, C#, python, java 등 1개 이상의 개발환경 능숙자 - Windows..."
https://kr.indeed.com/viewjob?jk=3d8c890cd0f75b23,Field Code Scanning Architect,Github 서울,,"languages: C, C++, C#, JAVA, JavaScript/TypeScript, Python, Haskell, Ruby and Go. Experience with relational databases..."
https://kr.indeed.com/viewjob?jk=3cf01580ba5eb23a,NLP Researcher,AITRICS 서울,,"Stacks [Back-end] Language: python, golang Python Framework: Django, Bottle [Front... Language: python, golang Python Framework..."
https://kr.indeed.com/viewjob?jk=0321c3889a21e75d,Application Architect,Amazon Web Services Korea LLC 서울,,"C#, Swift, Node.js, Python, Go, or Ruby... JavaScript, C / C ++, C #, Swift, Node.js, Python, Go 또는 Ruby 중 두 개 이상의 언어를 활용한 코딩..."
https://kr.indeed.com/viewjob?jk=fb624a39a6824f57,2021 상반기 인공지능(AI)/ 머신러닝 경력사원,아프스 서울 서초구,,래밍 경력 2년 이상 -컴퓨터 공학 또는 관련학과 학사 이상 -팀러닝/컴퓨터 비전 관련 논문 독해 가능 - Python 및 1종 이상의 머신러닝 프레임워크 사용가능 [우대사항] 관련분야 실무경력 또는 석사학위 보유 OpenGL...
https://kr.indeed.com/viewjob?jk=d83fc0dd2641f483,전문연구요원 (병역특례) 수시 (AI / SW 분야),딥엑스 성남 분당구,"연봉 40,000,000원 - 100,000,000원",요구 능력] - ASM/C/C++/ Python 언어 코딩 기술 - 운영체제... 경험 - Windows/Linux 상에서 C++/ Python 언어 사용 개발 경험 - C++ / Python 언어 사용 개발 경험 - 객체지향 설계에...
https://kr.indeed.com/viewjob?jk=e76216e61e1a67d9,기술 지원 엔지니어 - 주말전사,Dataiku 서울특별시,,"이지로 이동 합니다. 직무/산업 직무별(직종) 기술영업(IT.솔루션)기술지원 웹프로그래머웹프로그래머 인공지능(AI).빅데이터R, Python 기계.자동차.조선.철강엔지니어 산업별(업종) 솔루션.ASP.소프트웨어 소프트웨어개발"
https://kr.indeed.com/viewjob?jk=3e7b756ca8ec169f,가상화 엔지니어 정규직,다원커리어 서울 서초구,"연봉 40,000,000원 - 50,000,000원",DM/NV 등) 우대사항 1) 정보처리산업기사 이상의 자격을 보유하신 분 2) PowerShell/Bash/ Python 등 System Script 경험이 있는 분 기타정보 1) 삼성전자 반도체 사업장 VMware 가상화...
https://kr.indeed.com/viewjob?jk=0dab895bb99ead05,KAIST 문화기술연구소 비주얼미디어연구실(노준용 교수) 연수연구원 및...,카이스트 4.0 대전 유성구,,"및 비전 분야 박사 학위 소지자 - 컴퓨터 프로그래밍 가능자 (C++, Python 등 ) ※ 콘텐츠 제작 플랫폼 및 프로그램 개발을 위한 논문 구현... 퓨터 프로그래밍 가능자 (C++, Python 등 ) ※ 콘텐츠 제작 플랫..."
https://kr.indeed.com/viewjob?jk=1d89fe4b37ab05ed,"데이터마이닝, 빅데이터 큐레이터 외 신입/경력 정규직",에임즈인터내셔널코리아 서울 강남구,,"있거나 이에 준하는 실질적인 기술 경력 -데이터를 다루기 위한 Python 혹은 R 등의 프로그래밍 능력 -SQL의 사용 능력 -데이터를 다루기 위한 Python, R, Java 중 1개의 프로그래밍 능력 -대용량 데이터..."
https://kr.indeed.com/viewjob?jk=06f928ce5f4deff8,"디지털트윈(HTML5기반 Java/JScript/Mysql, R/Pyth...",로제타텍 성남 중원구,,"지원자격 경력 신입·경력 학력 대학교졸업(4년) 성별 무관 기타 담당업무 디지털트윈 상의 응용 어플리케이션 설계 및 개발(Java, Oracle/Mysql) 업무 커리어 양식 지원 상세모집요강 접수기간/방법 시작일..."
https://kr.indeed.com/viewjob?jk=79ac23969bbd20ba,Computer Vision 개발자,인텔리코리아 서울 금천구,,채용이 취소될 수 있습니다. 인터넷·IT·통신·모바일·게임>빅데이터·AI(인공지능)>머신러닝|인터넷·IT·통신·모바일·게임>빅데이터·AI(인공지능)>딥러닝|인터넷·IT·통신·모바일·게임>빅데이터·AI(인공지능)> Python
https://kr.indeed.com/viewjob?jk=4c064b7152a62560,(주)동진쎄미켐 2021년 2분기 신입 및 경력사원,동진쎄미켐 경기도 화성,,인터넷·IT·통신·모바일·게임>응용프로그래머>머신러닝(ML)|인터넷·IT·통신·모바일·게임>응용프로그래머> Python|인터넷·IT·통신·모바일·게임>응용프로그래머>JAVA|전자·기계·기술·화학·연구개발>섬유·화학>고분자|전자...
https://kr.indeed.com/viewjob?jk=bc31f110ceb31a5d,"백앤드 개발자(Google Clound, Python Django)",아자스쿨 서울 마포구,,"Clound, Python Django) 채용 모집부문 및 자격요건 담당업무 자격요건 인원 [업무요약] ㆍ Python + Django 기반의... 통신·모바일·게임>웹프로그래머> Python|인터넷·IT·통신·모바일·게임..."
https://kr.indeed.com/viewjob?jk=7b3f4dca01d22782,(주)솔라라이트 인공지능(AI)개발 인재,솔라라이트 대구 동구,"월급 2,000,000원",공지능(AI)|인터넷·IT·통신·모바일·게임>빅데이터·AI(인공지능)> Python|인터넷·IT·통신·모바일·게임>빅데이터·AI(인공지능)>딥러닝|인터... 통신·모바일·게임>응용프로그래머> Python|인터넷·IT·통신·모바일·게임...
https://kr.indeed.com/viewjob?jk=7a10af25a567bb7f,정보보호 담당자,씨디네트웍스 서울 강남구,,"우대 사항 a. 비즈니스 영어 가능자 b. 오픈소스 경험자 c. 스크립트 언어 사용 가능자 ( python, shell, powershell 등 ..) d. 관련 자격증 (CISSP, CISA, CPPG, PIA..."
https://kr.indeed.com/viewjob?jk=ae185a03d7b8f71e,"사물인터넷(IoT) 개발, 메카트로닉스 외 신입/경력 정규직",리쉐니에 수원 영통구,,"연구 빅데이터분석 및 AI개발 Python , WebRTC 프로그램개발... AI개발, Python / WebRTC프로그램개발 [우대사항] 전공계열: 공학계열 자격증: Python, Python 교육이수자, 빅데이터, 스마트공..."
https://kr.indeed.com/viewjob?jk=51dc8257b240f87a,딥러닝 MLOps 백엔드 개발자,써로마인드로보틱스 서울 관악구,"연봉 40,000,000원 - 50,000,000원",통신·모바일·게임>응용프로그래머> Python|인터넷·IT·통신·모바일·게임>빅데이터·AI(인공지능)>인공지능(AI)|인터넷·IT·통신·모바일·게임>빅데이터·AI(인공지능)> Python|인터넷·IT·통신·모바일·게임>빅데이터...
https://kr.indeed.com/viewjob?jk=233bbfd9781e846d,"Engr, Tech Supp 3",KLA-Tencor 대한민국,,background Excel macro/code development for log analysis Python Database development for production Open to NCG (New College...
https://kr.indeed.com/viewjob?jk=52f16cb494d61ecd,"[펜타시큐리티] 보안S/W 개발 및 기획자 (웹, 인증, 블록체인)",펜타시큐리티시스템 서울 영등포구,,인터넷·IT·통신·모바일·게임>웹프로그래머>JAVA|인터넷·IT·통신·모바일·게임>웹프로그래머> Python|인터넷·IT·통신·모바일·게임>응용프로그래머>C·C++|인터넷·IT·통신·모바일·게임>응용프로그래머>JAVA|인터넷...
https://kr.indeed.com/viewjob?jk=da4c00ff263f7cfe,수학과 출신 신입 소프트웨어 개발,"씨쓰리디C3DC,Ltd 부산 해운대구","월급 1,800,000원 - 2,000,000원",가상화 할 데이터 아키텍처에 수학 알고리즘을 적용 빅데이터에서 데이터 필터링 및 자동 sampling 개발( python) Revit & Civil3D dynamo에서 설계코드 개발 [정보기술>정보기술개발>DB엔지니어링] 데이...
https://kr.indeed.com/viewjob?jk=56ae562b9563988d,Cognitive and AI Engineer,IBM 3.9 서울,,"data science skills : Machine Learning, Deep Learning, Watson, Python, R, Spark Web application development skills Required..."
https://kr.indeed.com/viewjob?jk=3320fb43584e636f,빅데이터시스템 운영 엔지니어,케이티넥스알 서울 서초구,,"eco 활용 경험자• Hive, Hbase, Spark 활용 경험자• 프로그래밍 개발 경험 (Java, Python 등)• Technical architect 수행 경력 0 명 근무조건근무지 : 서울 서초구 효령로 176..."
https://kr.indeed.com/viewjob?jk=c5f5bde0edbca656,[주식회사 엠아이제이] H/W 개발 정규직 사원,엠아이제이 강원도 춘천,"연봉 26,000,000원 - 28,000,000원","가능한 자 필요사항 -신입 및 경력 -전자 회로 해석 가능자 -펌웨어 프로그래밍 언어 경험(C, Java, Python, C++, C#c Visual Basic, JavaScript 등) 학력 -초대졸/대졸 이상 우대사항..."
https://kr.indeed.com/viewjob?jk=09880c480e628211,SAP HANA Quality Specialist,SAP 4.3 서울,,"discipline Preferred skills Knowledge of LINUX Knowledge of Python/shell-Scripting, C/C++ Using C++-Debuggers (like GDB..."
https://kr.indeed.com/viewjob?jk=ffe6ea49b31384fa,혁신성장 청년인재 집중양성 인공지능 창의융합형 인재 양성과정,에프앤이노에듀 서울,,게임>웹프로그래머>백엔드|인터넷·IT·통신·모바일·게임>웹프로그래머> Python|인터넷·IT·통신·모바일·게임>응용프로그래머>C#|인터넷·IT·통신... 게임>빅데이터·AI(인공지능)> Python|인터넷·IT·통신·모바일·게임...
https://kr.indeed.com/viewjob?jk=c08c3a30bbe8dea0,배달로봇 dilly 로봇 소프트웨어 개발자(자율주행) (5년이상),우아한 형제들 서울 송파구,,"ROS2) 기반의 이동로봇 개발 경험이 있는 분 - 컴퓨터 비전, 머신러닝 경험이 있는 분 - C/C++, Python 활용이 가능한 분 - 영어문서작성 및 회화 능력을 갖춘 분 - 다양한 직군과의 원활한 협업 및 의사소통..."
https://kr.indeed.com/viewjob?jk=8df5412c2beb197f,소프트웨어 부문,맥시멈코퍼레이션 경상남도 진주,,"인원 [담당업무] ㆍ업무:위그선 관제프로그램 개발 [C/C++ 개발필수, QT framework 개발우대, Python 개발우대] [자격요건] 경력사항: 신입, 경력(연차무관) 학력사항: 학력무관 직무기술: C/C++ 0 명..."
https://kr.indeed.com/viewjob?jk=d69b5a1e60c65ce6,데이터 마케팅 경력사원,LG전자 3.8 서울 영등포구,,"경험 보유자 - 통계/개발 Tool 활용 능력 보유자 (SQL, R, Python, Scalar, Hadoop 등) 3) 우대 사항 - 높은 통계... 운영 경험자 - SQL, R, Python 등 통계 패키지 활용 자격증..."
https://kr.indeed.com/viewjob?jk=5d0ef9b5f9746e74,BootStack APAC Engineering Manager,Canonical - Jobs 서울,,"professional experience of either software delivery using Python, Go, C, C++, Java, or similar... managing operations..."
https://kr.indeed.com/viewjob?jk=9e1861e691426a98,Field AI Engineer,Graphcore 서울,,"hardware acceleration technologies Experience with Python and C++... depth knowledge of computer architectures, high..."
https://kr.indeed.com/viewjob?jk=acfa1e921e2fb115,Data Engineer - IBM Garage,IBM 3.9 서울,,"Competitive products Deep skills on Data Warehouse, ETL, Python, Java and related algorithms. Expert Level – SQL, NoSQL..."
https://kr.indeed.com/viewjob?jk=7f7bafa1bdd18282,Sr. Security Consultant,Amazon Web Services Korea LLC 서울,,"skills, eg. Python, Node.js, Javascript... 거나 인프라에 배포해 보신 실무 경험 · 스크립팅 언어 사용 기술 ( Python, Node.js, Javascript, PowerShell, Bash..."
https://kr.indeed.com/viewjob?jk=5331de34a85a125a,[코그넥스] 딥러닝 연구원 (신입/경력/전문연구요원),코그넥스코리아 서울 서초구,,"network 등) - Deep Learning 방법론에 대한 데모 프로그램 제작 및 제품화 코드 작성 ( Python / C++) - 다양한 종류의 제조업 이미지 데이터에 대한 탐색, 분석 및 전처리 모듈 구현 - 최신..."
https://kr.indeed.com/viewjob?jk=4fb244c694d68981,AIT 스토리 데이터사이언티스트 신입 및 경력직 중,로스토리 서울 서초구,,"셨다면!! 상세 이력서 등록하기 지원양식 커리어 온라인 이력서 직무/산업 직무별(직종) 인공지능(AI).빅데이터인공지능(AI), 빅데이터, Hadoop, R, Python 산업별(업종) 솔루션.ASP.소프트웨어 소프트웨어개발"
https://kr.indeed.com/viewjob?jk=bc1be4ffc953c21a,Quality Engineer 반월공장 (Precursor & Speci...,Merck KGaA 경기도 안산,,"analysis. Background in programming ( Python, Java script, SQL) is preferred... preferred ( Python, Java script, SQL..."
https://kr.indeed.com/viewjob?jk=2bbaaacb445f9911,2021-1회 데이터사이언스그룹 박사후연구원,기초과학연구원 대전,,"PNAS, Science, Nature), 다음의 분석언어와 도구를 하나 이상 능숙하게 다룰 수 있는 자( Python/R/Scala/Scikit-learn/Spark/TensorFlow/PyTorch) ㅇ 인원: 4명..."
https://kr.indeed.com/viewjob?jk=45c29517caedf3cf,[내일애-2차 청년스타트업] (주)웨이센 R&D/경영지원직,웨이센 서울 강남구,,"1) R&D [경력사항] - 신입, 경력1~3년, 관련학과 3년이상 [자격요건] - C, Python, Java 등의 프로그래밍 언어에 능숙하며 문제해결이 가능한 자 - Scipy, Pandas, Numpy 등을 이용한 데이..."
https://kr.indeed.com/viewjob?jk=a7e0d87ee0e9a7b9,Design Verification 엔지니어 (딥러닝 하드웨어 프로세서...,딥엑스 성남 분당구,"연봉 40,000,000원 - 100,000,000원","SoC Design 기능을 디버깅 - Linux Shell, Tcl, Python, Perl 사용 원활 - Linux OS 기반 환경에서 개발 경험... 버깅 - Linux Shell, Tcl, Python, Perl 사용 원활..."
https://kr.indeed.com/viewjob?jk=a4015a0d112e9569,프론트엔드 정규직,바이오에이아이 서울 강남구,,"프론트 엔드 구현 - DB 구축 - 신규 기능 개발 및 반영, 지속적인 개선 및 유지 보수 자격 조건 - Python, Django - RDBMS 경험 - UI개발 경험 우대 사항 - 딥러닝에 관심있으신 분 - 단위 테스트..."
https://kr.indeed.com/viewjob?jk=f118ad0661f868d0,Sr Field Engineer II,Raytheon Intelligence & Space 경기도 오산 +1 지역,,"Redhat Linux System Administration, UNIX shell/PERL/ python scripting, Cisco network administration, Oracle or Weblogic..."
https://kr.indeed.com/viewjob?jk=89f3e10d77a126bf,Field Service Engineer,Nearfield Instruments 경기도 용인,,"troubleshooting. Preferably to have coding capability (Matlab, Python...etc... data analysis, visualization, and algorithm..."
https://kr.indeed.com/viewjob?jk=6da8f410513fafc2,(주)엘솔루 R&D본부 ASR팀 개발직,㈜엘솔루 서울,,"제공 [필수사항] ㆍ프로그래밍에 재능 및 열정이 있는 자 ㆍJava, Python 중 하나 이상의 언어사용자 ㆍWeb 개발능력 ㆍ리눅스 사용 경험자... 머신러닝(ML)|인터넷·IT·통신·모바일·게임>응용프로그래머> Python"
https://kr.indeed.com/viewjob?jk=95946773d4816f0d,"머신러닝, 데이터분석 외 경력 정규직",에임즈인터내셔널코리아 서울 강남구,,"혹은 그에 상응하는 실무 경력 - Python 기반의 머신러닝 프레임워크... SQLAlchemy, OpenCV, pytest -Language: Python, SQL -Github, Yona, Git 0 명 근무조건 고용형태..."
https://kr.indeed.com/viewjob?jk=687b9e16f739c6bc,데이터 분석 및 컨설팅분야 (경력직),한국정보기술단 과천 과천시,,"데이터 분석 및 컨설팅 분야 ( Python, SAS, 빅데이터) 경력직... 데이터분석|인터넷·IT·통신·모바일·게임>빅데이터·AI(인공지능)> Python|인터넷·IT·통신·모바일·게임>빅데이터·AI(인공지능)>R|인터넷..."
https://kr.indeed.com/viewjob?jk=5ce610b12ceaed2f,[TmaxBI/기술] 빅데이터 플랫폼 QA,티맥스소프트 성남 분당구,,"갖춘자 - ERP/CRM 역량 보유자 - 데이터분석/모델링 역량 보유자 우대사항 - 보유기술: Java, python, RDB, NoSQL, OS(linux), Selenium, docker, Kubernetis - 자격사항..."
https://kr.indeed.com/viewjob?jk=2b09f13b5790dd69,2021년 한화시스템 방산부문 프로젝트/기간제 엔지니어 채용(상시),한화그룹 4.2 서울,,분야 경험자 [우대 요건] 무인기 GCS 개발 유경험자 SW시험/분석 도구 개발 유경험자 C/C++/C#/ Python/JAVA 프로그래밍 숙련자 0명 판교 한화인1:1문의하기 활용 지휘통제-SW 계약기간 : 입사 시...
https://kr.indeed.com/viewjob?jk=c8c02d6751fce8a8,Python 경력 정규직,브라이트컨설팅 서울 강남구,,브라이트컨설팅 Python 경력 정규직 채용 모집부문 및 자격요건 담당업무 자격요건 인원 [자격요건] 경력사항: 경력(7년 이상 12년 이하) 학력사... 수 있습니다. 인터넷·IT·통신·모바일·게임>응용프로그래머> Python
https://kr.indeed.com/viewjob?jk=b574f1454ae36aab,Cross Border Ecommerce - Business Intell...,Shopee 서울,,business analyst related roles Proficient in SQL and Python Strong analytical skill and sensitivity to data Strong oral...
https://kr.indeed.com/viewjob?jk=a0dda478567db352,"(주)트윔 개발자(경력직) 빅데이터,영상처리,머신비전/AI 딥러닝",트윔 경기도 화성,,"자기주도적으로 진행한 경험 - Python/C/C++ 능통자 - 데이터... RNN 등 딥러닝 이론 및 알고리즘 유경험자 - C/C++, Java, Python/TensorFlow/Caffe 사용가능자 - Matlab/R 분석..."
https://kr.indeed.com/viewjob?jk=36df1dfea186e63e,BIOS/Firmware Engineer,Intel 4.1 서울,,"years experience required on BIOS/Firmware - Knowledge of C, Python... other programming or scripting languages - Broad..."
https://kr.indeed.com/viewjob?jk=b1b1b1e754bccf6b,Security Engineer (모의해킹/취약점 점검),Toss 서울 강남구,,"그바운트 경험이 있는 분 - 해킹대회 우승 경력이 있는 분 - 다양한 플랫폼 보안 진단 경험이 있는 분 - Python, C, C++, C#, JAVA 중 프로그래밍 언어에 능숙 하신 분 # 현업 인터뷰 - 토스가 투자 서비..."
https://kr.indeed.com/viewjob?jk=5d586ea25719e960,[Papago] 파파고 머신러닝(컴퓨터비전) 엔지니어 체험형 인턴,네이버 서울,,"enhnacement [자격요건] · (학부/대학원) 컴퓨터비전/신호처리 관련 전공으로 재학 혹은 졸업하신 분 · Python 등의 프로그래밍 언어를 다루실 수 있는 분 · TensorFlow, PyTorch 등의 딥러닝..."
https://kr.indeed.com/viewjob?jk=187ad70175ca9ad3,"LogisALL 경력사원[정규직] [회계, 시스템 개발, 물류컨설턴트]",LogisALL 서울 마포구,,자금|인터넷·IT·통신·모바일·게임>응용프로그래머>ASP.NET|인터넷·IT·통신·모바일·게임>응용프로그래머> Python|인터넷·IT·통신·모바일·게임>응용프로그래머>Android|인터넷·IT·통신·모바일·게임>응용프로그래머...
https://kr.indeed.com/viewjob?jk=3c516818303c4d51,Application Engineer (Silicondash),Synopsys 서울,,"disk access Programming skill of TCL, Perl, JavaScript or Python Good documentation and reporting skills are required..."
https://kr.indeed.com/viewjob?jk=96702633aa235ab8,로봇제어 개발자,유버 안산 상록구,"연봉 30,000,000원 - 100,000,000원","직무내용] - ROS(ROS2) 기반의 이동 로봇 개발- C/C++, Python 활용- 산업용 협동로봇 제어 언어개발, 의료용 로봇개발- 우대사항공학, 메카트로닉스학과 전공자, 자율주행로봇 주행 알고리즘 개발, 프로그래밍..."
https://kr.indeed.com/viewjob?jk=5121411daf2f065e,[법무법인(유)율촌] 경영정보팀 직원,법무법인 (유한)율촌 서울 강남구,,"- 신입 ~ 5년 경력자 - SQL, Python, R 등 데이터 분석 도구... 이상직무기술 : 경영정보팀기타 - 신입 ~ 5년 경력자 - SQL, Python, R 등 데이터 분석 도구 사용 능력 (한 가지 이상 필수) - 데이..."
https://kr.indeed.com/viewjob?jk=02bcd7b6412d1db9,자율주행연구팀 연구사원 (신입/경력),소네트 대구 달성군,,"필수사항 - C / C++ / Python 언어 사용 가능자 • 우대사항... C++언어 사용 가능자 • 우대사항 - 운전 가능자 - JAVA / python 언어 사용 가능자 - 오픈소스 (OpenCV, ROS 등) 사용 경험..."
https://kr.indeed.com/viewjob?jk=b58527264c90df6e,LDI주식팀 경력직원 안내 (~4/11),삼성자산운용 대한민국,,"어능력 우수자, CFA, FRM, 투자자산운용사 等 자격증 보유자 우대 - 프로그램 언어(VBA, SQL, Python 等) 가능자 우대 4. 채용 프로세스 - 서류전형 면접전형 채용검진 최종합격 ※ 면접 대상자는 서류전형..."
https://kr.indeed.com/viewjob?jk=08fbc3e510fbe320,"산업용 비전 처리 S/W 개발, AI 가속기 처리 S/W 개발 경력사원",여의시스템 성남 중원구,,모바일·게임>응용프로그래머>Visual C++(MFC·ATL)|인터넷·IT·통신·모바일·게임>응용프로그래머> Python|인터넷·IT·통신·모바일·게임>응용프로그래머>인공지능(AI)|인터넷·IT·통신·모바일·게임>빅데이터·AI...
https://kr.indeed.com/viewjob?jk=56ae562b9563988d,Cognitive and AI Engineer,IBM 3.9 서울,,"data science skills : Machine Learning, Deep Learning, Watson, Python, R, Spark Web application development skills Required..."
https://kr.indeed.com/viewjob?jk=2cfd15907402c5cc,DGIST 제2차 계약직 연구원 채용공고,대구경북과학기술원 대구 현풍면,,천원 이내 수행 내용 Machine learning (Deep learning) 알고리즘 개발 Python/Tensorflow 프로그래밍 Matlab/simulink 모의실험 자율주행 자동차 혹은 전문 서비...
https://kr.indeed.com/viewjob?jk=ce7849f8b35e1c3e,Technical Enablement Manager,DataDog 서울,,"Kubernetes or Rancher etc.. Scripting languages like Python, Javascript, Ruby, Perl, Go, PHP, or Chef/Puppet etc.. Why You..."
https://kr.indeed.com/viewjob?jk=b2260d1fb794c644,Cloud Support Engineer - Linux,Amazon Web Services Korea LLC 서울,,"NoSQL(Redis, Memcached). · Programming/scripting in Python/Java/Shell/Perl/Ruby/PHP/etc. · Experience managing full..."
https://kr.indeed.com/viewjob?jk=cd2ef993ee5c8d3f,지스트 블록체인인터넷경제연구센터 계약직(연구원),광주과학기술원 광주 북구,,록체인 개발 블록체인 하드포크 1) 4년제 대학 이상 졸업자 2) SW프로그래밍 제작 경험자 3) Python/C/Java/Go 프로그래밍 가능자 4) 팀장급은 개발 경험 10년 이상인 자 연구직 1명 우대사...
https://kr.indeed.com/viewjob?jk=74f109233a14e204,Technical Consultant Intern,Amazon Web Services Korea LLC 서울,,Programming in one or more object-oriented languages like Java/ Python/C#/Ruby/Objective C/C++ · Knowledge... primary AWS...
https://kr.indeed.com/viewjob?jk=741cc6ac364ea9be,Internal Infra Engineer,Toss 서울 강남구,,분 # 우대 사항 - Nutanix/VMWare 구축 운영 경험이 있으신 분 - Powershell 또는 Python 등을 사용한 시스템 관리 자동화 경험이 있으신 분 - 100명 이상 규모의 L3/L4 네트워크 관리 또는...
https://kr.indeed.com/viewjob?jk=6531d039395a3ffe,"토탈제어시스템, 임베디드(Embedded) 외 신입/경력 인턴",엔아이스퀘어 광주 광산구,,"개발에 참여할 많은 분들의 도전을 기다립니다. 2. LabVIEW, Python 가능자 우대 엔아이스퀘어 토탈제어시스템, 임베디드(Embedded... 니다. 2. LabVIEW, Python 가능자 우대 [우대사항] 전공..."
https://kr.indeed.com/viewjob?jk=649ccf047c868778,"금융 데이터 분석 엔진, 로보어드바이저 개발자",에스비씨엔 서울 영등포구,,"시스템, 머신러닝, 자연어처리. 패턴분석 - 다음 언어에서 최소 한 가지 이상 능숙자: Java, C++, Python, JavaScript 우대사항 - 석사이상 컴퓨터공학 (Computer Science) 분야 또는..."
https://kr.indeed.com/viewjob?jk=0b05f7fff851371a,게임 런처 개발,Nexon 성남 분당구,,르고 안정적으로 게임을 실행할 수 있도록 함께 고민하고 개발하실 분을 찾습니다. 지원자격 - C++ 혹은 Python 프로그래밍 언어 능숙자 - 비동기 및 병렬처리 프로그래밍 경험 우대사항 - Modern C++ (11...
https://kr.indeed.com/viewjob?jk=ad07d6a330fb619a,NHN Cloud 운영 및 기술지원,NHN 4.4 성남 판교역,,"Linux, Microsoft Solutions 등) - 2년 이상의 개발 경험 (Java, Python 등) - 기술 문서 작성 및 가이드 경험이 풍부한 자 - 대외 고객 기술 지원 경험 - Windows..."
https://kr.indeed.com/viewjob?jk=9e1861e691426a98,Field AI Engineer,Graphcore 서울,,"hardware acceleration technologies Experience with Python and C++... depth knowledge of computer architectures, high..."
https://kr.indeed.com/viewjob?jk=0d3c25eef8ff13ad,[TmaxTibero/기술] DBMS 제품 QA 신입 및 경력,티맥스소프트 성남 분당구,,"스트 시나리오 기획/작성, 테스트 및 관리 - 품질관리 시스템 개발 및 유지보수 자격요건 - Java/C/ Python 초급 개발자/경험자 - Unix/Linux 엔지니어 경험자 - IT 관련 학과 4년 대졸자 또는 졸업 예정..."
https://kr.indeed.com/viewjob?jk=6b86ea39985912b6,NHN Cloud 사업기획/영업,NHN 4.4 성남 판교역,,"Linux, Microsoft Solutions 등) - 2년 이상의 개발 경험 (Java, Python 등) - 기술 문서 작성 및 가이드 경험이 풍부한 자 - 대외 고객 기술 지원 경험 공통지원자격..."
https://kr.indeed.com/viewjob?jk=afe92c03320fe1b3,카카오 광고 서비스 알고리즘 및 시스템 개발,카카오 4.0 성남 판교역,,"함께 하고 싶습니다. 지원자격(공통) 하나 이상의 프로그래밍 언어에 익숙한 분 (C/C++, Java, Python, Go, Scala 등) [알고리즘 개발 업무 관련 지원 경우] 데이터 마이닝 또는 머신러닝 지식/경험이..."
https://kr.indeed.com/viewjob?jk=e0e37aaebc73dde3,지표구축,아프리카TV 경기도 성남,,"대시보드 플랫폼의 활용이 가능하신분 - 새로운 서비스 출시후 모니터링이나 트랜드 확인이 가능하도록 설계나 지원이 가능하신분 - SQL,Excel,R, Python 등을 이용하여 데이터 추출 또는 분석이 가능하신 분"
https://kr.indeed.com/viewjob?jk=7dbaa95d22eacd29,"웹개발, 백엔드 외 경력 정규직",아이티엔제이 울산 남구,"연봉 40,000,000원 - 50,000,000원","경력(4년 이상 ) 학력사항: 대학교(4년)졸업 이상 직무기술: 웹프로그래밍, 응용프로그램개발, JAVA, PYTHON 기타: ㆍ다양한 업무를 신속하게 이해하고 도식화 할 수 있는 분 ㆍ고객의 소리를 듣는 귀가 지혜 있는..."
https://kr.indeed.com/viewjob?jk=aac8e9355cb855ac,[인재풀] 아티스트,Electronic Arts 서울,,Maya or 3D Max등의 아트웍 툴 사용 경험 Max script 또는 Mel Script의 사용 경험 C# 또는 Python 언어에 대한 이해 및 활용 능력 아트웍 관련 툴 제작 또는 플러그인 제작 경험
https://kr.indeed.com/viewjob?jk=fc0a62df62c4351d,부정행위 탐지를 위한 분석 전문가 모집,엔씨소프트 2.7 성남 판교역,,활용 가능 우대사항 - 게임 LOG를 활용한 데이터 분석 및 부정사용자 탐지 업무 실무 경험 - R 또는 Python을 통한 통계 및 분석 능력 제출서류 필수 제출서류 없음 전형단계 서류전형 1차 면접 NC TEST 2차...
https://kr.indeed.com/viewjob?jk=cca7ac409848f7f7,Cloud Support Engineer - Storage & CDN,Amazon Web Services Korea LLC 서울,,"object storage · Experience with scripting (i.e. Bash, Python, PowerShell etc.) · Good understanding of networking protocols..."
https://kr.indeed.com/viewjob?jk=61de44a2ade660a0,정보보호 컨설팅 전문가 양성 과정,한국정보보호산업협회 서울,,로그래머>백엔드|인터넷·IT·통신·모바일·게임>웹프로그래머>프론트엔드|인터넷·IT·통신·모바일·게임>웹프로그래머> Python|인터넷·IT·통신·모바일·게임>웹프로그래머>ASP.NET|인터넷·IT·통신·모바일·게임>웹프로그래머...
https://kr.indeed.com/viewjob?jk=7333475de06b9365,DS부문 System LSI사업부 경력사원 채용공고,삼성전자 3.9 서울 서초동,,"System S/W - Analog/Digital 회로설계, 회로 검증 - S/W 언어(C/C++/C#/ Python/Java) Coding 능력 - ARM Architecture, OS(Linux) 활용 경험..."
https://kr.indeed.com/viewjob?jk=269f9a96319ef19a,머신러닝 엔지니어 모집,카카오 4.0 성남 판교역,,"델의 성능 검증 및 지속 개선 대규모 로그 데이터 통계 분석을 통한 피쳐 추출 지원자격 #필수사항 Python, Java, C++ 등 언어 중 하나 이상 활용 가능하신 분 TensorFlow/Keras, PyTorch..."
https://kr.indeed.com/viewjob?jk=d8a8869ab092f731,데이터 엔지니어 및 사이언티스트,카카오 4.0 성남 판교역,,"등 데이터 엔지니어와 사이언티스트의 업무를 경계 없이 수행하게 됩니다. 지원자격 개발 경력 3년 이상 Python, Scala, Java, C++ 중 하나 이상의 언어에 능통 SQL 또는 HiveQL에 능통 대용량 데이..."
https://kr.indeed.com/viewjob?jk=1710cc40e88942fc,Senior Verification Engineer,Dialog Semiconductor 대한민국,,"deadlines for self and others. Preferred TCL, Make, Perl, Python Strong external focus, full awareness of competitive edge..."
https://kr.indeed.com/viewjob?jk=3d8c890cd0f75b23,Field Code Scanning Architect,Github 서울,,"languages: C, C++, C#, JAVA, JavaScript/TypeScript, Python, Haskell, Ruby and Go. Experience with relational databases..."
https://kr.indeed.com/viewjob?jk=b5d0fb51bc768703,Deep Learning Systems Research Engineer...,Qualcomm Korea YH 서울,,"PyTorch, TensorFlow... Good programming skills in Python/C/C++ - Good communication and presentation skills Preferred..."
https://kr.indeed.com/viewjob?jk=ef7a74269d5cddd6,Sales Operations Specialist,3M 4.0 서울,,"Experience using Data and business intelligence Tool... Python, Power BI, etc. Proficiency in MS Office (advanced Excel..."
https://kr.indeed.com/viewjob?jk=112e58d399a83a19,BIM Manager,SYSTRA 서울,,"Openroads, Navigator. Microsoft: Office 365. IT language: Python (A plus) Others: Dynamo (A plus) Job Segment: Engineer..."
https://kr.indeed.com/viewjob?jk=a746de9c7a6168ef,Healthcare Real World Data Analyst 담당자,IQVIA 서울,,"HEOR 전반적인 업무 수행 Qualifications Claims Data 관련 분석 경력자 SAS / Python / R 등 통계 프로그래밍 언어 사용 가능자 통계학 전공자, 통계 및 Epidemiology 관련 석사..."
https://kr.indeed.com/viewjob?jk=61df4db7859da6ec,기계학습 전문가 모집,엔씨소프트 2.7 성남 판교역,,"기간 : 2년 ~ 10년 필수조건 - 딥러닝 또는 강화학습 관련 전문 지식 및 R&D 경험 필수 - R&D에 python을 능숙하게 활용 할 수 있어야 하며, pytorch, tensorflow 등 딥러닝 라이브러리를 업무에..."
https://kr.indeed.com/viewjob?jk=98c2229e57d4ee1f,전기전자컴퓨터공학부(바이오컴퓨팅연구실) 위촉연구원,광주과학기술원 광주 북구,,"국가보훈대상자(취업보호대상자) 및 장애인은 관련 법령에 의거하여 우대 ② 컴퓨터 프로그램밍 (Matlab, Python, C++등) 가능자 ③ 뇌파 측정 및 분석 2년 이상 경력 ➃ 딥러닝 기술 개발 경험 결격사유..."
https://kr.indeed.com/viewjob?jk=3933762f9f06df56,Data Scientist(CSS 모델링),Toss 서울 강남구,,"3년 이상) - 머신러닝 등 최신 알고리즘을 활용하여 실제 비즈니스 문제 해결 경험이 있으신 분 - SQL, Python, R 등 통계/분석 프로그램을 다룰 수 있으신 분 # 우대 사항 - 금융권 데이터 분석 및 모델링 업무..."
https://kr.indeed.com/viewjob?jk=aea07d26df8ae423,Machine Learning Researcher – Audio and...,Qualcomm Korea YH 서울,,experience in machine learning • Programming skill in Python or C/C++ • Experience in PyTorch (preferred) or TensorFlow...
https://kr.indeed.com/viewjob?jk=74cf47be676133ff,DGIST 미래자동차융합연구센터 계약직 연구원 및 연수연구원 공개 초빙...,대구경북과학기술원 대구 현풍면,,"기술개발 우대 사항 우대사항 - S/W개발능력, C,C++, Python,Matlab 등 능숙자 - 자율주행 및 ADAS관련 프로젝트 참여경... W개발능력, C,C++, Python,Matlab 등 능숙자 - 자율주행..."
https://kr.indeed.com/viewjob?jk=aea07d26df8ae423,Machine Learning Researcher – Audio and...,Qualcomm Korea YH 서울,,experience in machine learning • Programming skill in Python or C/C++ • Experience in PyTorch (preferred) or TensorFlow...
https://kr.indeed.com/viewjob?jk=3e80435be74cd28f,블록체인인터넷경제연구센터 위촉연구원,광주과학기술원 광주 북구,,업무) 지원자격 연구직 O명 블록체인 연구 및 프로그래밍 제작 1) SW프로그래밍 제작 경험자 2) Python/C/Java/Go 프로그래밍 가능자 3) 블록체인 개발 경험자 우대 4) 컴퓨터공학 및 컴퓨터사이...
https://kr.indeed.com/viewjob?jk=818d5c4e3d4e8c76,디지털자산(암호화폐) 퀀트 트레이더 (경력),네오위즈 대한민국,,"경험이 있는 분 - 또는 운용사 및 증권회사에서 근무한 경력이 있는 분 우대사항 - 프로그래밍 능력( Python, R 등)을 보유하고, 개발해 본 경험이 있는 분 - 컴퓨터공학, 금융공학, 수학, 통계학을 전공한 분..."
https://kr.indeed.com/viewjob?jk=e010f7780d479126,검색서비스 서버 개발 신입/경력,포티투마루 서울 관악구,,"성별 : 무관 - 모집인원 : 0명 [기술 지원자격] - Linux 환경 개발 경력 - C/Java/ Python 개발 경력 - 서버 개발/운영 경력 [우대사항] - 자연어처리, 정보검색, 기계학습, 데이터 마이닝..."
https://kr.indeed.com/viewjob?jk=9d8f7dfdfc179cb6,IoT 전문가 양성 과정 훈련생,한국산업기술협회 서울 금천구,,게임>빅데이터·AI(인공지능)> Python|인터넷·IT·통신·모바일·게임... 응용프로그래머> Python|인터넷·IT·통신·모바일·게임>웹프로그래머>JAVA|인터넷·IT·통신·모바일·게임>웹프로그래머> Python|전자·기계·기술...
https://kr.indeed.com/viewjob?jk=a71ce64111ef635a,"대기업 딥러닝 기반 영상처리 개발자 (박사급, 판교)",인파트너스 서울,,"개발 경험 보유 - Caffe, TensorFlow, Pytorch - Python, C/C++, Docker  C/C++/C# 언어 역량 보유... 게임>빅데이터·AI(인공지능)> Python|인터넷·IT·통신·모바일·게임..."
https://kr.indeed.com/viewjob?jk=d158e683dc0b7500,파이썬 개발자 초중급 이상,데이터앤솔루션 서울 서초구,,전형 접수방법 채용시 접수방법: 인크루트 채용시스템 접수양식: 인크루트 이력서 기타 유의사항 입사지원서 및 제출서류에 허위사실이 있을 경우 채용이 취소될 수 있습니다. 인터넷·IT·통신·모바일·게임>응용프로그래머> Python
https://kr.indeed.com/viewjob?jk=3b88e473dddfdaaf,"[해외취업] 힙합의류 쇼핑몰, 웹 개발자 - 째끼롸웃",아이씨엔그룹 서울 역삼동,"연봉 34,000,000원 - 46,000,000원","그 외 자격요건 1. Must be proficient in HTML, CSS, JavaScript and Python 2. Working knowledge of Databases. 3. Should have working..."
https://kr.indeed.com/viewjob?jk=dddfaf1f05be5c54,(주)아이옵스 항공우주분야,아이옵스 대전 유성구,,궤도역학[우대사항]ㆍ정보처리기사 등 관련 자격증 소지자 ㆍ인공위성 궤도분석 및 비행역학 유경험자ㆍC/C++/ Python 활용 가능자ㆍ영어 가능자 0 명 근무조건 고용형태 : 정규직(수습기간3개월)급여조건 : 급여 협의근무지역...
https://kr.indeed.com/viewjob?jk=4207c3ceb2dad58c,[EY한영] 금융감사본부 Data Analytics 전문 경력직 모집,EY 4.0 대한민국,,총계정원장조정 경험자 - Python/R 등 프로그램 언어 활용 능력... PowerBI... Tableau Experience with Python/ R or other programming languages...
https://kr.indeed.com/viewjob?jk=35f72aeb142bceaa,[NIT Service] NAVER IDC 서버 운영/관리(춘천),엔아이티서비스 강원도 춘천,,"application 운영 경험 - Shell script, python 활용 가능 - 해외 데이터센터 인프라 구축 또는 운영 경험 - 국가보훈대상자... 경험 - Shell script, python 활용 가능 - 해외 데이터센..."
https://kr.indeed.com/viewjob?jk=4e91309fc89e9534,2020년 하반기 영업/기획/마케팅/개발 부문,아우토크립트 서울 영등포구,,통신·모바일·게임>응용프로그래머> Python|인터넷·IT·통신·모바일·게임... 프로그래머> Python|인터넷·IT·통신·모바일·게임>웹프로그래머>JAVA|인터넷·IT·통신·모바일·게임>빅데이터·AI(인공지능)> Python|인터넷...
https://kr.indeed.com/viewjob?jk=a0dda478567db352,"(주)트윔 개발자(경력직) 빅데이터,영상처리,머신비전/AI 딥러닝",트윔 경기도 화성,,"자기주도적으로 진행한 경험 - Python/C/C++ 능통자 - 데이터... RNN 등 딥러닝 이론 및 알고리즘 유경험자 - C/C++, Java, Python/TensorFlow/Caffe 사용가능자 - Matlab/R 분석..."
https://kr.indeed.com/viewjob?jk=1a66e50a934e8f0d,Senior Business Analyst (Customer Servic...,Coupang 2.9 서울,,"BI or Tableau) (3) 우대사항 1) Hive, Presto, Redshift 경험 2) R, Python 경험 3) 중급 이상의 영어 회화 능력 4) E-commerce 경력 전형 절차 및 안내 사항..."
https://kr.indeed.com/viewjob?jk=8821ea2678923e80,Senior Applied Scientist,Amazon Web Services Korea LLC 서울,,"deep learning (e.g., CNN, RNN, LSTM) · Experience in using Python, R, or other programming language Machine learning (ML..."
https://kr.indeed.com/viewjob?jk=e157aa3d21a2a1be,대학경쟁력연구원 연구직계약직원(계약직),아주대학교 3.8 수원 영통구,,"원자격  필수사항 : 석사학위 또는 박사학위 소지자  우대사항 - 데이터 분석 관련 전공자 - R, Python, SQL, Excel 등을 이용한 데이터 분석 가능자 - 시각화 툴 사용능력 및 정량적/정성적 분석..."
https://kr.indeed.com/viewjob?jk=7dbaa95d22eacd29,"웹개발, 백엔드 외 경력 정규직",아이티엔제이 울산 남구,"연봉 40,000,000원 - 50,000,000원","경력(4년 이상 ) 학력사항: 대학교(4년)졸업 이상 직무기술: 웹프로그래밍, 응용프로그램개발, JAVA, PYTHON 기타: ㆍ다양한 업무를 신속하게 이해하고 도식화 할 수 있는 분 ㆍ고객의 소리를 듣는 귀가 지혜 있는..."
https://kr.indeed.com/viewjob?jk=80a65fe76f39fe46,[PUBG: NEW STATE] Data Analyst,PUBG 서울,,"https://stackshare.io/pubg/xtrm-data 자격 요건 관련 경력 2년 이상 Python, SQL 등을 활용한 데이터 분석 경험자 데이터 시각화에 관심 많으신 분 한국에 거주하며, 한국어 의사소통..."
https://kr.indeed.com/viewjob?jk=7c19ff88836f8869,고등광기술연구소 전문연구요원,광주과학기술원 광주 북구,,"고출력 펄스형/극초단 광섬유 레이저, 레이저/고암섬유 레이저, 레이저 인공지능 융합연구, matlab/ python/ FPGA / Raspberry Pi 등 (경험자 우대) 우대사항 ① 국가보훈대상자(취업보호대상자) 및..."
https://kr.indeed.com/viewjob?jk=5f25c484aa306813,Home based Software Engineering Lead - O...,Canonical - Jobs 서울,,"communities... marketplace. You have deep experience with Python, Golang, the Linux system itself, or all three. You..."
https://kr.indeed.com/viewjob?jk=4f2835fd73c9e3c7,Application Engineer III - (E3),Applied Materials Inc. 대한민국,,"trainer. 7. Direct experience of algorithm writing (e.g., R, Python... plus. 8. Travel to international locations at ~25..."
https://kr.indeed.com/viewjob?jk=4adac8923476d038,프랭클린템플턴투신운용 Junior Trader (Quant base 필수...,프랭클린템플턴투신 대한민국,,"object-oriented programming and intermediate programming proficiency in Python, R or MATLAB, and SQL are essential. Licenses..."
https://kr.indeed.com/viewjob?jk=7fdcd7a7457b1e93,데이터 분석,아프리카TV 경기도 성남,,"의 서비스 이용/소비형태/이상현상과 트렌드 변화가 궁금하신 분 - B2C서비스 데이터 분석 직군에서 데이터 핸들링 경험이 있으신 분 - SQL,Excel,R, Python 등을 이용하여 데이터 추출 또는 분석이 가능하신 분"
https://kr.indeed.com/viewjob?jk=3c516818303c4d51,Application Engineer (Silicondash),Synopsys 서울,,"disk access Programming skill of TCL, Perl, JavaScript or Python Good documentation and reporting skills are required..."
https://kr.indeed.com/viewjob?jk=e2b3c8893b105e37,[EY한영] 감사본부 파생상품평가부서(DVC) 경력직 모집,EY 4.0 대한민국,,"우대사항 - 금융공학/수학/컴퓨터 관련 전공자 - 이자율 파생상품 평가관련 지식 보유자 - C++/C, Python, VBA, QuantLib 활용 개발 유경험자 * 전형절차 - 1차 서류 심사 - 2차 실무 면접..."
https://kr.indeed.com/viewjob?jk=0b03d57e900ac140,Security Engineer (모의해킹),Toss 서울 강남구,,"분 - INTEL/ARM 아키텍처 바이너리 분석 가능한 분 - 코드리뷰를 통한 보안 진단 능숙한 분 - Python, C, C++, C#, JAVA 중 프로그래밍 언어에 능숙한 분 # 우대 사항 - 버그바운트 경험이 있는 분..."
https://kr.indeed.com/viewjob?jk=29fb6625509ce9fb,2021년 상반기 정보보안 엔지니어 - 취약점 파트,인섹시큐리티 서울 금천구,,10에 대한 설명과 구현/조치 가능 - 국내 컴플라이언스 대응 경험 (주요정보통신기반시설 가이드 등) - Python 활용자 - Kali 및 Metasploit 경험자 * 자격요건과 우대사항은 필수가 아닙니다. 0 명 근무조...
https://kr.indeed.com/viewjob?jk=88babfda61a4878d,"[핀테크, 프롭테크 스타트업] IT 제품개발 & 관리직군 경력 정규직",루센트블록 대전 유성구,,"React, Flutter 등을 사용한 웹/앱 프론트엔드 애플리케이션 개발 - Node.js, Java, Python, C# 등을 사용한 백엔드 애플리케이션 개발 - MSA 설계 및 구, 표준 기반 API 구조 설계 및 개발..."
https://kr.indeed.com/viewjob?jk=a2bae5598f01349a,Senior Solutions Consultant - South Kore...,Cloudera 서울,,"Familiarity with scripting tools... bash shell scripts, Python... Perl, Ansible, Chef, Puppet Solid background..."
https://kr.indeed.com/viewjob?jk=8e5a18879d2bed73,[NAVER Cloud] System Engineering 경력사원,네이버 서울,,"저닝, 설정 관리, 모니터링 등) 및 관리, 운영경험 - 운영에 필요한 도구 개발 (Shell / PHP / Python 중 하나 이상의 개발 경험) 역량 - Haproxy Server [ 우대사항] - 운영 자동화 경험이..."
https://kr.indeed.com/viewjob?jk=2600928767acb58d,딥러닝 MLOps 프론트엔드 개발자,써로마인드로보틱스 서울 관악구,"연봉 40,000,000원 - 50,000,000원",통신·모바일·게임>응용프로그래머> Python|인터넷·IT·통신·모바일·게임>빅데이터·AI(인공지능)>인공지능(AI)|인터넷·IT·통신·모바일·게임>빅데이터·AI(인공지능)> Python|인터넷·IT·통신·모바일·게임>빅데이터...
https://kr.indeed.com/viewjob?jk=99d2a4811a646b88,"[주식회사 쏘마] 백엔드, 프론트엔드 외 신입/경력 정규직",쏘마 성남 분당구,,"있으신 분 한 가지 이상의 프로그래밍 언어에 대한 이해(C/C++, Python, Powershell 등)가 있으신 분 악성코드 분석 및 침해사고... 서적을 관심 있게 보시는 분 python 뿐만 아니라 다른 프레임워크에..."
https://kr.indeed.com/viewjob?jk=6531d039395a3ffe,"토탈제어시스템, 임베디드(Embedded) 외 신입/경력 인턴",엔아이스퀘어 광주 광산구,,"개발에 참여할 많은 분들의 도전을 기다립니다. 2. LabVIEW, Python 가능자 우대 엔아이스퀘어 토탈제어시스템, 임베디드(Embedded... 니다. 2. LabVIEW, Python 가능자 우대 [우대사항] 전공..."
https://kr.indeed.com/viewjob?jk=fc6f30e6279fad9c,"딥러닝, 머신러닝 외 경력 정규직",㈜AI4Blockchain 경기도 군포,,Android|인터넷·IT·통신·모바일·게임>응용프로그래머>iOS|인터넷·IT·통신·모바일·게임>응용프로그래머> Python|인터넷·IT·통신·모바일·게임>응용프로그래머>Windows|인터넷·IT·통신·모바일·게임>소프트웨어...
https://kr.indeed.com/viewjob?jk=68ebf21fb4b4e7eb,(주)엘솔루 웹 프로그래머,㈜엘솔루 서울,,그래머>웹개발|인터넷·IT·통신·모바일·게임>웹프로그래머>JAVA|인터넷·IT·통신·모바일·게임>웹프로그래머> Python|경영·인사·총무·사무>경영·기획·전략>경영기획|경영·인사·총무·사무>경영·기획·전략>사업기획|경영·인사...
https://kr.indeed.com/viewjob?jk=980f9177a7e389af,Automotive Linux/Android/Python S/W 개발자,겜마콘코리아 유한회사 서울 중구,"연봉 27,000,000원 - 40,000,000원",Python S/W 개발자를 모집합니다. 모집부문 및 자격요건 모집부문 담당업무 및 지원자격 인원 Linux/Android 개발자 모집 Python... 통신·모바일·게임>응용프로그래머> Python|인터넷·IT·통신·모바일·게임...
https://kr.indeed.com/viewjob?jk=02f450f1246c5489,[서울지사][던파모바일2D] 서버 빌드 담당자,네오플 제주도,,"C/C++ 사용이 능숙하신 분 우대사항 - DevOps 관련 경험 - 하나 이상의 스크립트 언어 ( Python, PowerShell, Bash, Groovy… )에 능숙하신 분 - Windows/Linux 서버 운영체제에..."
https://kr.indeed.com/viewjob?jk=08a68b0bb9a4efdb,[국비지원] 미래유망분야 전문기술 교육생,대한상공회의소 서울기술교육센터 서울 강서구,,통신·모바일·게임>빅데이터·AI(인공지능)>데이터분석|인터넷·IT·통신·모바일·게임>빅데이터·AI(인공지능)> Python|인터넷·IT·통신·모바일·게임>빅데이터·AI(인공지능)>머신러닝|인터넷·IT·통신·모바일·게임>빅데이터...
https://kr.indeed.com/viewjob?jk=aa4f54d9c677fd73,인프라보안,NHN 4.4 성남 판교역,,"영역별 취약점에 대한 충분한 이해 - CVE 보안취약점 분석 및 대응 역량 - C, Java, Python 등을 통한 업무 자동화 및 분석도구 개발 경험 - 리버스 엔지니어링에 능숙하거나 다수의 버그바..."
https://kr.indeed.com/viewjob?jk=ce0ded2592265e1c,데이터 엔지니어,RIDI Corp 서울,,"에서의 데이터 파이프라인 구축 및 운영 경험 GA, Tableau 등 외부 분석/시각화 도구에 대한 지식 Python, Java, Scala 중 하나 이상을 이용한 개발 경험 추가 정보 지원 서류 안내 제출서류 : 이력..."
https://kr.indeed.com/viewjob?jk=f5b0e4923baeca2f,"MD, 플랫폼 개발자",슬래디티 경기도 의정부,,유통·물류·운송·운전>유통·상품기획·MD>상품MD|인터넷·IT·통신·모바일·게임>컨텐츠·사이트운영>웹사이트운영·테스터|인터넷·IT·통신·모바일·게임>웹프로그래머>JAVA|인터넷·IT·통신·모바일·게임>웹프로그래머> Python
https://kr.indeed.com/viewjob?jk=1748baa27965fdbf,"MVP 개발 엔지니어(서버, 웹프론트) (정규직, 계약직, 프리랜서)",더테스터 대전 중구,,1년 이상의 서버 개발 경험 · 아래 옵션 중 하나의 기술 스택 사용 - JAVA기반의 Spring - Python 기반의 Django - Ruby 기반의 Rails 우대사항 · 팀단위로 프로젝트를 수주해본 적 있는...
https://kr.indeed.com/viewjob?jk=4ac1544f2b89722e,서비스플랫폼 구축 총괄 관리,제이앤제이글로벌컨설팅 서울 강남구,,터넷·IT·통신·모바일·게임>응용프로그래머> Python|인터넷·IT·통신·모바일·게임>웹기획·웹마케팅·PM>PM|인터넷·IT·통신·모바일·게임>빅데이터·AI(인공지능)> Python|인터넷·IT·통신·모바일·게임>빅데이터·AI...
https://kr.indeed.com/viewjob?jk=c721e9c6f6b97595,HW/SW 분야 직무 교육 전문강사,에이치에스글로벌 서울 강남구,,통신·모바일·게임>응용프로그래머>인공지능(AI)|인터넷·IT·통신·모바일·게임>빅데이터·AI(인공지능)> Python|인터넷·IT·통신·모바일·게임>빅데이터·AI(인공지능)>빅데이터|인터넷·IT·통신·모바일·게임>빅데이터·AI...
https://kr.indeed.com/viewjob?jk=48459d39adf56082,연구소장 (SDN 경험자),트렌토 시스템즈 대전 유성구,,우대사항]SDN 관련 개발 유경험자 우대[담당 업무]- SDN 컨트롤러 및 기타 제품 개발 총괄[업무 내용]- Python: REST API를 이용한 네트워크 모니터링 및 관리 시스템 등 응용 프로그램 개발 및 유지보수...
https://kr.indeed.com/viewjob?jk=5c45a3d19019f932,Data Engineer,Soomgo 서울 강남구,,레이크나 웨어하우스 구축 및 운영 경험 • 대용량 트래픽 분산과 처리에 대한 관심 및 경험이 있는 분 • Python 3.6 이상 능숙 • Airflow 또는 Kafka 구축 및 운용 경험 • Google Analytics...
https://kr.indeed.com/viewjob?jk=7bf179a290a157b2,경험최적화파트 - 머신러닝 엔지니어,Nexon 성남 분당구,,모델 개발 - 머신러닝을 위한 솔루션 프로토타이핑 - 머신러닝 파이프라인 설계 및 구축 지원자격 - Python에 숙련된 프로그래밍 능력과 머신러닝 라이브러리 활용 경험 - 머신러닝과 강화학습에 관련된 지식 습득 혹은...
https://kr.indeed.com/viewjob?jk=8becbf73bbda7c96,2019 Military Service Exemption Position...,울산과학기술원 울산 언양읍,,"least one programming language... Fortran, C/C++, Python, …; Experience... managing high performance computational..."
https://kr.indeed.com/viewjob?jk=43f8edb38c7888c7,위메프오 서버개발자(정규직),위메프 2.8 대한민국,,"데이터베이스 분산설계 및 미들웨어 개발 [자격사항] - 서버 프로그래밍 언어(PHP, Go, C/C++, Python, Java) 중 1개 이상 사용이 가능한 분 - 자료구조, 알고리즘, 분산처리 등 SW관련 기본지식 보유..."
https://kr.indeed.com/viewjob?jk=21b3c46baa6219c5,"데이터사이언스, mSQL 외 경력 정규직",에임즈인터내셔널코리아 서울 강남구,,"위를 소지하신 분 -TOEIC, TOEFL, OPIC 등 공인 인증 영어 점수를 보유하신 분 -SQL, R, Python, SAS, Stata 등을 통한 실무 데이터 처리 및 분석을 경험하신 분 -서비스 기획, 마케팅 업무에..."
